restaurant_name,location,status,rating,full address,cusine,fssai
555 DARJEELING UNIQUE ASIAN CUISINE,Arekere,Closed,--,"555 DARJEELING UNIQUE ASIAN CUISINE, LVO 025 - BENGALURU, Karnataka",Asian,License No. 21219192001926
Foreign Cafe,Arekere,Closed,--,"Foreign Cafe, No 45, 14th main ,JP nagar 7th phase,Opposite of Samsung Smart Cafe,Puttehahalli Palya,Bangalore-560078","American,Italian,Continental,Desserts,Beverages",Applied for license
Hotel Empire,Arekere,Closed,4.0,"Hotel Empire, ""Empire Restaurant #148/1, Bilekahalli Village,Near IIMBBegur HobliBangalore- 560076""","Arabian,Chettinad,Coastal,Mughlai,North Indian,Seafood",License No. 11217334000768
Food Love,Arekere,Closed,--,"Food Love, A104, Divya Jyothi Royal County Apartments Aishwarya Crystal layout, Singsandra Bengaluru 560068",Fast Food,License No. 21219010000901
YumYumSouth,Arekere,Closed,3.6,"YumYumSouth, No 45, 14th main ,JP nagar 7th phase,Opposite of Samsung Smart Cafe,Puttehahalli Palya,Bangalore-560078","South Indian,Biryani,Desserts,Beverages",Applied for license
Thalis Of India,Arekere,Closed,3.5,"Thalis Of India, No 45, 14th main ,JP nagar 7th phase,Opposite of Samsung Smart Cafe,Puttehahalli Palya,Bangalore-560078","North Indian,South Indian,Biryani,Desserts,Beverages",Applied for license
Bombay Sandwich Company,Arekere,Closed,3.4,"Bombay Sandwich Company, No 45, 14th main ,JP nagar 7th phase,Opposite of Samsung Smart Cafe,Puttehahalli Palya,Bangalore-560078","Beverages,Desserts,Fast Food",Applied for license
Pallavi Restaurant,Arekere,Closed,4.1,"Pallavi Restaurant, Hegde's Corner, #39, opp. DLF new town, Classic Paradise Layout, Begur, Bengaluru, Karnataka 560068","North Indian,Chinese,Biryani",License No. 21219193001310
Nimbus Nest Ice Cream,Arekere,Closed,--,"Nimbus Nest Ice Cream, no.33, 8th Main Road, Nataraja Layout, Santrupthi Nagar, JP Nagar 7th Phase, J. P. Nagar, Bangalore, Bengaluru, Karnataka 560078, India","Ice Cream,Juices",License No. 11219334001232
MUTTONWAH,Arekere,Closed,--,"MUTTONWAH, No. 879/37, T. Ramiah Garden, 2nd Cross, SOS Village Post, Bannerghatta Main Road, B.B.M.P South, Bangalore South, Bangalore Urban (Karnataka), - 560076","Mughlai,North Indian,Biryani",License No. 21219010001878
Royal Iceberry,Arekere,Closed,--,"Royal Iceberry, 60/3, Manipal County Rd, Aishwarya Crystal Layout, Singasandra, Bengaluru, Karnataka 560068",Desserts,License No. 21218192000683
LASSI EMPIRE,Arekere,Closed,3.8,"LASSI EMPIRE, Shop No 6 , Begur Hullimavu Road, Akshaya Nagar, Bugur Hobli","Juices,Beverages",License No. 21219010002726
Arabian Mexico,Arekere,Closed,4.2,"Arabian Mexico, #21 1st cross Lakshmi layout opp deja apartment Arekere Mico Layout Bangalore 560076","Arabian,Fast Food,Biryani",License No. 21218192001086
Adiga's,Arekere,-- MINS,3.9,"Adiga's, No. 204, 11th K.M. Stone, Bilekahalli, Bannerghatta Road","South Indian,North Indian,Chinese,Thalis,Fast Food,Juices,Desserts",License No. 11215334000720
Lassi huts,Arekere,Closed,--,"Lassi huts, 37/6 1ST CROSS 3RD MAIN ROAD BISSMILAHNAGAR BANNERGATTA ROAD BANGALORE 560029",Fast Food,License No. 21219194000711
Bombay Kulfis,Arekere,Closed,--,"Bombay Kulfis, 6D 3rd floor,aishwarya arcade hanuman nagar,BTM layout sir M vishveshwaraiag roas,opp nano hospital,arekere 560076","Ice Cream,Desserts",License No. 21219193001423
Meghana Foods,Arekere,Closed,4.3,"Meghana Foods, No. 23/1,Bannerghatta Road, Arekere Village, Begur Hobli, Bangalore","Andhra,Biryani",Applied for license
Eat N Pack,Arekere,Closed,3.8,"Eat N Pack, No:52, Sir M Vishveswaraya Road,BTM Layout,4th Stage,Near Bilekhalli RTO, Bangalore 560076","Chinese,South Indian,Continental,Fast Food,Kerala,Andhra,Beverages,Seafood,Hyderabadi",License No. 11218334002315
M Aura Cafe Kitchen and more,Arekere,-- MINS,3.4,"M Aura Cafe Kitchen and more, Akshaya Vana, Akshayanagar, Bengaluru, Karnataka 560076","North Indian,Mughlai,Continental,Chinese,Desserts",Applied for license
SALADrink,Arekere,Closed,--,"SALADrink, 1st Main Road, Arekere MICO Layout 2nd stage, 1st Stage, Araka Mico Layout, Arakere, Bangalore, Karnataka 560076, India","Beverages,Ice Cream,Juices",License No. 21219193000605
Chefeana Asali Punjabi,Arekere,Closed,--,"Chefeana Asali Punjabi, Sir M Visveswaraya Road, Nyanappana Halli, Hulimavu, Bengaluru, Karnataka 560076, India","Chinese,North Indian",License No. 21219192000268
The Variety Bowl,Arekere,Closed,--,"The Variety Bowl, SRI KRISHNA GRAND 44 Ramachandra Arcade, Manipal County Rd, Duo City Layout, Singasandra, Bengaluru, Karnataka 560068","North Indian,South Indian",License No. 11219334001874
Burgery,Arekere,Closed,2.8,"Burgery, No 45, 14th main , JP nagar 7th phase, Puttehahalli Palya Bangalore, Landmar Opposite to Samsung Smart Cafe","Fast Food,Desserts,Beverages",Applied for license
Homely Kitchen,Arekere,Closed,--,"Homely Kitchen, NO.69, 2ND FLOOR, UTTARAHALLI HOBLI, KOTHANOOR, JAYANAGAR, BANGALORE, B.B.M.P SOUTH (KARNATAKA)-560078",Indian,License No. 21219193001327
Cafe Coffee Day,Arekere,Closed,3.4,"Cafe Coffee Day, 524, 60 Feet Road,Vijaya Bank LayoutOpp Police Station, Belekahalli","Cafe,Fast Food",License No. 11216334000674
Cafe Zuppa,Arekere,Closed,4.1,"Cafe Zuppa, 97, next to brigade millennium, j p.nagar 7th phase, Bangalore 560078",Italian,License No. 21218193001148
Behrouz Biryani,Arekere,-- MINS,4.1,"Behrouz Biryani, No 161,161 A,166, First floor, ,Vinayaka Nagar,Bangalore,KARNATAKA","Biryani,Mughlai",License No. 11218334000189
Nuty,Arekere,Closed,--,"Nuty, No 81/4A , 80 Ft Road , opp  Royal Meenakshi, Mall , Bannerghatta Road , Hulimav , Bangalore",Indian,Applied for license
WarmOven Cake & Desserts,Arekere,-- MINS,4.2,"WarmOven Cake & Desserts, 6D, 3rd Floor, Aishwarya Arcade, Hanuman Nagar, BTM Layout, Sir M Vishveshwaraya Road, Opp Nano Hospital, Arekere, Bangalore",Bakery,Applied for license
Juannos - Shake the Shake,Arekere,-- MINS,--,"Juannos - Shake the Shake, #52, 1st Floor, 3rd Cross, Omkar Nagar Arkere gateNear Reliance Store, Next to Drunken Monkey",Beverages,License No. 21218008000695
Iceberg Icecreams,Arekere,Closed,4.3,"Iceberg Icecreams, No.467,Ground Floor,Aishwarya Arcade,DLF Road,Arekere,Bengaluru - 560076.","Desserts,Beverages,Ice Cream",License No. 21219193001118
FlyingKombucha,Arekere,Closed,--,"FlyingKombucha, C/O Biggies Burger 'n' More, 144, Ground floor, Santhrupthi Nagar, Millennium Ave, Kothnoor Dinne, JP Nagar 7th Phase, Bengaluru, Karnataka 560078","American,Beverages,Cafe,Fast Food,Korean,Chinese,Japanese",License No. 21219010003050
Burger King,Arekere,Closed,3.9,"Burger King, Unit No-T001B & T007, Royal Meenakasi Mall, 3rd Floor, Opp. Meenakshi Temple, Hulimavu, Bannerghatta Road, Bangalore-560076","American,Fast Food",License No. 11217334000401
Keto Garden,Arekere,Closed,4.1,"Keto Garden, No 45, 14th main ,JP nagar 7th phase,Opposite of Samsung Smart Cafe,Puttehahalli Palya,Bangalore-560078","Keto,Healthy Food",Applied for license
Street Foods by Punjab Grill,Arekere,Closed,4.0,"Street Foods by Punjab Grill, 3RD FLOOR ,FOOD COURT,ROYAL MEENAKSHI MALL,BANNERGHATTA MAIN ROAD,BENGALURU,KARNATAKA","North Indian,Indian,Biryani,Punjabi,Fast Food,Kebabs,Mughlai,Desserts",License No. 11218334000700
Rajdhani,Arekere,Closed,4.1,"Rajdhani, Level - 3, Royal Meenakshi Mall, Opp. Meenakshi Sundareshwara Temple, Bannerghatta Road, Bangalore","Rajasthani,Gujarati",License No. 11217334001171
Happy Tummies,Arekere,Closed,4.0,"Happy Tummies,  Shop No.4, KSV Complex, No.1/A, 34/4, D.C. Halli Main RoadD, Opp.PK Home needs & SBM, Devarachikkanahalli Main Rd, Maruthi Layout, Seenappa Layout, Bommanahalli, Bengaluru, Karnataka 560076","Indian,Continental,North Indian,Chinese",License No. 11219334001532
Durban Bunny Chow,Arekere,Closed,--,"Durban Bunny Chow, No.9,Ground Floor,1st Main, Vijayashree Layout,	Bannerghatta	Road,	Bangalore	-	560076",Fast Food,License No. 21219010001879
HOT BURG,Arekere,Closed,4.5,"HOT BURG, 12/1, Arekere Signal OPP Reliance Mart Bannargata Road Bengaluru, 560076","Fast Food,Ice Cream,Beverages",License No. 21218194000790
savannahs naati mane,Arekere,Closed,--,"savannahs naati mane, Savannahs naati manae, 1st Main Road, Duo Heights layout, Devarachikkanalli, Bangalore 560076","Beverages,Biryani,South Indian",License No. 11219334000396
Simply Indian,Arekere,Closed,4.2,"Simply Indian, #500, 2ndBlock,2ndPhase, BTM layout,6th stage,Bannergahtta, Bengaluru, Karnataka 560076","Coastal,Chinese,Biryani,Bengali",License No. 11219334001471
AUGUSTA CLUB,Arekere,Closed,--,"AUGUSTA CLUB, AUGUSTA CLUB, NO.135, BRIGADE GARDENIA J.P NAGAR 8TH PHASE, BANGALORE., District - B.B.M.P South, STATE - Karnataka 560078","North Indian,Chinese",License No. 11215334000303
Bombay Kulfi,Arekere,Closed,--,"Bombay Kulfi, 151, Bannerghatta Road , bangalore 560074",Desserts,License No. 21218194001090
Tandoor plaza,Arekere,Closed,--,"Tandoor plaza, G.F NO 1 ,VENKATATADERI LAYOUT ,DORESANIPALYA BILEKHALLI ,BANNERGHATA ROAD ,BEHIND APOLLO H, BANGALORE","Tandoor ,indian,,Biryani,Chinese",License No. 21219010002028
MRA Bakery And Confectionary,Arekere,Closed,--,"MRA Bakery And Confectionary, DC HALLI MAIN ROAD, DEVARACHIKKANAHALLI, BEGUR HOBLI","Bakery,Sweets",License No. 11219333000591
Lassi Empire,Arekere,Closed,--,"Lassi Empire, Shop No 6, Begur- Hullimavu Road, Akshaya Nagar , Near SBI DLF newtown Branch, Yelenahalli Village, Begur Hobli, Bengaluru-56--76 ","Beverages,Juices,Ice Cream",License No. 21219010000212
Balaji bombay vada pav Gujarati dabeli,Arekere,Closed,--,"Balaji bombay vada pav Gujarati dabeli, 9, 12th Cross Rd Commercial Area, Jeewan Griha Colony, 2nd Phase, J. P. Nagar, Bengaluru, Karnataka 560078","North Indian,Fast Food",License No. 21219009000238
Sri Udupi Park,Arekere,-- MINS,4.0,"Sri Udupi Park, Hulimavu, Bengaluru, Karnataka, India",South Indian,License No. 11219334001330
Shree Guru Raghavendra Chats - Chintamani Specials,Arekere,Closed,--,"Shree Guru Raghavendra Chats - Chintamani Specials, No 1, 130/133, Aragini Comforts, Second cross, Pai layout, Hulimavu, BG road 560076",North Indian,License No. 21218194000973
CONNER STONE,Arekere,Closed,--,"CONNER STONE, Devarachiknahalli, Bommanahalli, Bengaluru, Karnataka, India",Ice Cream,License No. 11219334001900
The Great Hungry Box,Arekere,Closed,3.4,"The Great Hungry Box, Anugraha building, Nanjappa Layout, Venugopal Reddy Layout, Arekere, Bengaluru, Karnataka, India","Chinese,North Indian,Combo",License No. 11219334001032
Fattoush Restaurant,Arekere,Closed,4.0,"Fattoush Restaurant, Fattoush Restaurant, Opp. IIMB, Above A2B Restaurant, JP Nagar, Banarghatta Main Road, B'lore-76","North Indian,Chinese,Biryani,Arabian,Desserts,Continental,Beverages",Applied for license
Brews N Bites,Arekere,Closed,--,"Brews N Bites, No- 81/3/2, opp Royal Meenakshi Mall, hulimavu police station road, hulimavu, bangalore-560076","Chinese,Fast Food,Italian,Beverages,Seafood",License No. 11218334001650
Five Star Chicken,Arekere,Closed,--,"Five Star Chicken, No. 43, Ground Floor, R R Commercial Complex, SY No - 316/1, Begur Hulimavu Road, Begur Hobli, South Bangalore, Bangalore - 560068","Fast Food,Beverages",License No. 21218010000840
Thalassery Cafe,Arekere,Closed,--,"Thalassery Cafe, Thalassery Restaurant, Bannerghatta Main Road, Sundar Ram Shetty Nagar, Bilekahalli, Bengaluru, Karnataka, India","Beverages,Kerala,Snacks",License No. 11218334002010
Biryani Durbar,Arekere,Closed,3.4,"Biryani Durbar, # 452, 1st Floor, 2nd Main 8th cross, Arekere Lakshmi Layout, Bangalore 560076",Mughlai,License No. 11219334002340
Moms Flavor,Arekere,Closed,3.9,"Moms Flavor, No. 879/37, T. Ramiah Garden, 2nd Cross, SOS Village Post, Bannerghatta Main Road, Bommanahalli, B.B.M.P South (Karnataka), - 560076","North Indian,Chinese",License No. 21219192000648
Ore cafe,Arekere,Closed,2.9,"Ore cafe, Doddamma Main Rd, Pai Layout, Hulimavu, Bengaluru, Karnataka 560076","Beverages,Chinese,Desserts,American",Applied for license
Healthie,Arekere,Closed,4.0,"Healthie, No 45, 14th main ,JP nagar 7th phase,Opposite of Samsung Smart Cafe,Puttehahalli Palya,Bangalore-560078","Healthy Food,Salads,Keto,Juices,Desserts,Beverages",Applied for license
Food Ka Masti,Arekere,Closed,--,"Food Ka Masti, #526,B T S Layout, Nethaji Road,, Arekere Main Rd, Bengaluru, Karnataka 560076","South Indian,North Indian,Andhra,Beverages,Hyderabadi",License No. 21218009000363
InnerChef,Arekere,Closed,3.5,"InnerChef, No 45, 14th main ,JP nagar 7th phase,Opposite of Samsung Smart Cafe,Puttehahalli Palya,Bangalore-560078","North Indian,South Indian,Italian,Continental,Lebanese,Desserts,Beverages",Applied for license
Basmati's Briyani Nation,Arekere,Closed,3.6,"Basmati's Briyani Nation, NO.05, GROUND FLOOR, V N RESIDENCY, AVANI SHRINAGAR, NYANAPANAHALLI, BEHIND MC DONALD'S, HULIMAVU, BOMMANAHALLI, B.B.M.P SOUTH, BENGALURU, Karnataka",Indian,License No. 11219334001578
Midnight Joe's,Arekere,Closed,--,"Midnight Joe's, ""34/A 6th Main Raynaauv Mansion Puttenahalli Main Road JP Nagar 7th Phase, Jayanagar, B.B.M.P South (Karnataka), - 560078""","Chinese,American,Fast Food",License No. 21219193000323
New Prashanth Hotel,Arekere,Closed,3.8,"New Prashanth Hotel, #92,DSN plaza,1st floor,1st main near ever fine supermarket, jp nagar 7 th phase,opp.Tamara, bangalore-560078","Chinese,South Indian,North Indian,Beverages,Biryani",License No. 11219334001413
The Sandwich Club,Arekere,Closed,--,"The Sandwich Club, ""34/A 6th Main Raynaaux Mansion Puttenahalli Main Road JP Nagar 7th Phase, Bangalore South, Bangalore Urban (Karnataka), - 560078""","Chinese,North Indian",License No. 21219193000322
SRI DURGA 99 VARIETY DOSA & PALAV,Arekere,Closed,--,"SRI DURGA 99 VARIETY DOSA & PALAV, Sri Durga 99 Verity Dosa, Vijaya Enclov, Vijaya bank layout, D C Halli Main Road, Bilekahall, B G Ro, Bommanahalli, B.B.M.P South (Karnataka), - 560076",South Indian,License No. 21219192001071
South North & Chinese Restaurant,Arekere,-- MINS,3.4,"South North & Chinese Restaurant, #1, Tower Building OPP Krishnareddy House, Govt Hospital to RTO Road, BTS layout Arekere, Bannerghatta Road, Bangalore-570076","South Indian,North Indian,Chinese",Applied for license
Wiggly Wine,Arekere,-- MINS,4.1,"Wiggly Wine, #4, 2nd Floor, Sai Arcade Kothnoor Main Road, Jp Nagar 7th Phase Bangalore-560078 Opposite to Adishwar Electronic shop","Continental,American,Desserts,Beverages",License No. 11219334000326
Aahaji Briyani House,Arekere,Closed,--,"Aahaji Briyani House, #10, behind Star Market, Sugama Layout, DLF Newtown, Akshayanagar, Bengaluru, Karnataka 560076 ","Chinese,North Indian",License No. 21219010001362
The Gujarat Express,Arekere,-- MINS,4.0,"The Gujarat Express, #91/1, Gottigere, Bannerghatta Main Rd, Shivanna Layout, Gundappa Layout, Gottigere, Bengaluru, Karnataka 560083",North Indian,License No. 21219194001842
Slurpy Shakes,Arekere,-- MINS,--,"Slurpy Shakes, 6D, 3rd Floor, Aishwarya Arcade, Hanuman Nagar, BTM Layout, Sir M Vishveshwaraya Road, Opp Nano Hospital, Arekere, Bangalore","Bakery,Desserts",Applied for license
Punjabi Unplugged,Arekere,Closed,4.0,"Punjabi Unplugged, 9, 1st Floor, SBI Building, New DLF New Town, Opposite Ample Mart, Bannerghatta Road, Bangalore","North Indian,Chinese,Indian,Mughlai,Biryani",License No. 21218010001804
Cupcake Bliss,Arekere,-- MINS,3.4,"Cupcake Bliss, 6D, 3rd Floor, Aishwarya Arcade, Hanuman Nagar, BTM Layout, Sir M Vishveshwaraya Road, Opp Nano Hospital, Arekere, Bangalore","Desserts,Bakery",Applied for license
Chung Wah,Arekere,Closed,4.0,"Chung Wah, 3rd Main Road, next to Oracle, Krishnaraju Layout, Amalodbhavi Nagar, Panduranga Nagar, Bengaluru, Karnataka 560076, India",Chinese,License No. 11219334001633
Eat well,Arekere,Closed,3.4,"Eat well, No. 879/37, T. Ramiah Garden, 2nd Cross, SOS Village Post, Bannerghatta Main Road, B.B.M.P South (Karnataka), - 560076","Bengali,Chinese,Mughlai,North Indian",License No. 21219192000648
Punjabi Food Corner,Arekere,-- MINS,3.6,"Punjabi Food Corner, # 44/1 site # 1 oppoisite brigade millenium apartment, brigade Millenium signal, Kothanoor dine main road jp 7 phase","North Indian,Chinese",License No. 11218334000360
NuTy,Arekere,Closed,--,"NuTy, #1838, Corner B Block , AECS layout , Singasandra , Village , Bengaluru",Indian,License No. 21217192000340
Momo Domo,Arekere,Closed,3.9,"Momo Domo, No. 2425, 9th A Cross, Sringeri Nagara, Hulimavu, Bangalore 560068",Chinese,License No. 21219192000777
Idly Pidly,Arekere,-- MINS,4.1,"Idly Pidly, 9/11,G2,Idly Pidly,Dlf New Town,Akshya Nagar,Bangalore",South Indian,License No. 21219192000209
ANNAPURNA BENNE DOSE,Arekere,-- MINS,4.0,"ANNAPURNA BENNE DOSE, NO 883/887 Chinmayee Arcade 10th A Cross RBI Layout 7th Phase JP nagara Bengaluru 560078",South Indian,License No. 21219192000123
Always Biryani,Arekere,Closed,4.0,"Always Biryani, No 5, 34/2,  Begur Koppa Road,  Yelanahalli, Banglore 560068","Biryani,Tandoor ,indian,,Chinese",License No. 11218334001979
MealRunner,Arekere,-- MINS,--,"MealRunner, 18, Krishna Reddy Layout, Arekere, Bengaluru, Karnataka 560076","Biryani,North Indian",License No. 21219194001133
CHAAT CAFEE,Arekere,Closed,--,"CHAAT CAFEE, # 06, KothnurDinneMain Road, JP Nagar 7th Phase, Bangalore - 560078 ( opp to AXIS VEDAM apartment)",Fast Food,License No. 21218194000507
Food Paradise,Arekere,Closed,3.3,"Food Paradise, Sri Dental Clinic, 1st Cross Road, Sri Guru Raghavendra Nagar, Konanakunte, Bommanahalli Zone, Bengaluru, Bangalore Urban, Karnataka, 560 078, India","Biryani,Desserts,Chinese,Kebabs,North Indian",License No. 21219192001052
Bombay Kulfis,Arekere,Closed,4.2,"Bombay Kulfis, 3, Ground Floor, Rajanna Building, Opp Ample Mart, Begur - Hulimavu Rd, Akshayanagar, Bengaluru, Karnataka 560068  ","Desserts,Ice Cream,Sweets",License No. 11217333000044
Delnas kitchen,Arekere,-- MINS,4.5,"Delnas kitchen, NIKHIL JAMES, F NO 103, PRAMUKHA APARTMENT, J P NAGAR, 7TH PHASE, PUTTENEHALLI, BANGALORE, District  Bangalore Urban, STATE  Karnataka","Indian,South Indian,Kerala,Biryani",License No. 21219009000428
SWADESHI FOOD JUNCTION,Arekere,Closed,--,"SWADESHI FOOD JUNCTION, NO.44/2E, SHOP NO.03, NATHAPPA LAYOUT, SINGH COMPOUND, 80 FEET ROAD, AREKERE, B G ROAD, BANGALORE, Bommanahalli, B.B.M.P South (Karnataka), - 560076","Beverages,Indian",License No. 21219192001543
Sardarji Londonwaley,Arekere,Closed,3.8,"Sardarji Londonwaley, Site-9, 1st floor SBI Bank Building, Westend Avenue Near DLF town Opp. Ample Mart, Bengaluru, Karnataka 560076","North Indian,Chinese,Indian,Mughlai,Biryani",License No. 21218007000864
Five Star Chicken Arekere,Arekere,Closed,4.2,"Five Star Chicken Arekere, #204, laxminarayana complex, opp adigas, panduranganagar, bannerughatta road, bangalore-76",Fast Food,License No. 21218192000749
Purani Haveli,Arekere,Closed,3.8,"Purani Haveli, No.9, Ground        Floor, 1st Main, Vijayashree Layout, Bannerghatta Road, Bangalore 560076","North Indian,Biryani",License No. 21219010001879
Machali port,Arekere,Closed,--,"Machali port, No. 32, 1st floor, 2nd cross road, Natraja Layout, Santhruptinagar, Kothnur Dinne Main Road, JP Nagar 7th Phase, Bangalore - 560078",South Indian,License No. 21218192001293
A2B - Adyar Ananda Bhavan,Arekere,-- MINS,4.1,"A2B - Adyar Ananda Bhavan, No 154/10, Bilekahalli Village, Bannerghatta Main Road, Bangalore - 560076","South Indian,Chinese,Desserts,North Indian,Sweets",License No. 11215334000999
Sweet Truth,Arekere,-- MINS,3.9,"Sweet Truth, KSV complex 1st floor devarachikanahalli main road Bangalore 560068","Bakery,Desserts,Ice Cream",License No. 11219334000434
Chow San,Arekere,Closed,3.9,"Chow San, #1&2,opp british biologicals,arekere,bannerghatta road,bangalore-560034","Chinese,Seafood",Applied for license
The Kitchen,Arekere,Closed,--,"The Kitchen, No:17, Sriram Layout, 1st J.P Nagar 7th Phase, Jayanagar, B.B.M.P South, Bangalore , Karnataka-560078",Indian,License No. 11218334002254
Dazu Momoz,Arekere,Closed,--,"Dazu Momoz, JP Nagar, South City, 7th Phase, Arekere, Bengaluru, Karnataka 560076",Chinese,License No. 21219010000166
Sagar Grand,Arekere,-- MINS,3.7,"Sagar Grand, #123, 5th cross, Omkarnagar, Arekere Mico Layout, Near Aditi Nursing Home, Bannerghatta Road, Bangalore - 560076","Chinese,South Indian,North Indian,Fast Food,Beverages",License No. 11218334001572
House of Lassi,Arekere,Closed,4.1,"House of Lassi, No. 61, 6th A cross , Kodichikkanahalli main road, Kaveri nagar , bommanhalli , bangalore - 560068","Ice Cream,Juices,Desserts,Snacks,Cafe,Beverages",License No. 11218334001499
Sri Bhagya Sagar.,Arekere,-- MINS,3.8,"Sri Bhagya Sagar., Hotel Sri Bhagya Sagar, Patel Layout, Vishwapriya Nagar, Begur, Bengaluru, Karnataka, India","South Indian,North Indian,Chinese,Desserts,Jain,Ice Cream,Fast Food,Beverages",License No. 11218334001398
Sai Samosa and chat center,Arekere,-- MINS,3.6,"Sai Samosa and chat center, NO-16, SHOP NO-3, SRI KRISHNA BUILDING, AREKERE MAIN ROAD, BANNERGATTA ROAD, BANGLORE, District - B.B.M.P South, STATE - Karnataka",Chaat,License No. 21218194000700
Mother's Rasoi,Arekere,Closed,4.1,"Mother's Rasoi, BDA 80 Feet Rd, Indira Gandhi Housing Colony near Sai Baba Temple, Arekere, Bengaluru, Karnataka 560076 ",North Indian,License No. 21219192000380
Drunken Monkey,Arekere,-- MINS,4.2,"Drunken Monkey, Behind Reliance Mart, Next to Andhra Bank, Brigade Millenium Road, Omkar Nagar, Arekere Mico Layout, Bannerghatta Road",Desserts,License No. 11219334000193
Hotel Udupi Veg,Arekere,-- MINS,4.2,"Hotel Udupi Veg, NO.284, NEAR AREKERE BUS STOP, MICO LAYOUT, 1st STAGE, J.P NAGAR, BANGALORE, District - B.B.M.P South, STATE - Karnataka",South Indian,License No. 21218192001774
KFC,Arekere,Closed,4.2,"KFC, Royal Meenakshi Mall, Classic Orchids Layout, Bannerghatta Main Road, Hulimavu, Bengaluru, Karnataka - 560076",Fast Food,License No. 11217334000197
McCafe by McDonald's,Arekere,Closed,--,"McCafe by McDonald's, Hardcastle Restaurants Pvt Ltd, McDonald's Family Restaurants,No 8,Kukke Plaza, 80 Feet Road, Nyanappana Halli,Akshaya nagar, Begur Hobli, DLF New Town Main road, Next to SLV Wines, Bangalore 560068","Cafe,Beverages,Desserts",License No. 11218334002013
Anand Sweets and Savouries,Arekere,Closed,4.3,"Anand Sweets and Savouries, 9, Ground Floor, Opposite Royal Meenakshi Mall, Hulimavu,Bannerghatta Road, Bangalore","Sweets,Chaat,Snacks,Desserts,North Indian",License No. 11215333000217
Nellore Bhojanam,Arekere,Closed,3.3,"Nellore Bhojanam, Shop no. 600/676, nanjundaiah e state, bilekahalli, BG road, bangalore, B.B.M.P South - 560078","Biryani,South Indian",License No. 11218334001781
Pappu Chaiwalla,Arekere,Closed,3.7,"Pappu Chaiwalla, Shop No.4, KSV Complex, No.1/A, 34/4, D.C. Halli Main RoadD, Opp.PK Home needs & SBM, Devarachikkanahalli Main Rd, Maruthi Layout, Seenappa Layout, Bommanahalli, Bengaluru, Karnataka 560068","Continental,Indian,North Indian,Street Food",License No. 11219334001532
Grandma's Khichdi (Pure Veg),Arekere,Closed,--,"Grandma's Khichdi (Pure Veg), No 45, 14th main ,JP nagar 7th phase,Opposite of Samsung Smart Cafe,Puttehahalli Palya,Bangalore 560078","Healthy Food,Home Food,Salads,Desserts,Beverages",Applied for license
Dande's Hyderabad Biryani,Arekere,Closed,4.0,"Dande's Hyderabad Biryani, No: 44/1, Ground Floor, Shanthi Priya Layout,","Chinese,South Indian,North Indian,Desserts,Andhra,Beverages,Seafood,Hyderabadi",License No. 11219334001566
Kabab Treat,Arekere,Closed,3.6,"Kabab Treat, Arekere Village, 80 Feet Road, Opposite Paramount Apartments, Bannerghatta Road","North Indian,Chinese,South Indian",License No. 21218010001257
Kabab Magic,Arekere,Closed,4.0,"Kabab Magic, #7/1, Hulimavu Gate, Vijayashree Layout, Near ICICI Bank, Arekere, Bannerghatta Main Road","North Indian,Chinese,Biryani,Tandoor",License No. 11219334000416
CafeRiko,Arekere,Closed,--,"CafeRiko, 25, WGHS, Opp. RBI Bus stop, near Purvika Mobile Store, J. P. Nagar 7th Phase, Bengaluru, Karnataka 560078","Beverages,Fast Food",License No. 21219192002136
Krishnappa hotel biryani,Arekere,Closed,--,"Krishnappa hotel biryani, NO.506, SIR M VISHVESHWARAYA ROAD, BTM 6TH STAGE, 2ND BLOCK, 2ND PHASE, BENGALURU, District - Bangalore Urban, STATE - Karnataka",Biryani,License No. 21219010002973
Cream & Fudge puttanahalli,Arekere,Closed,--,"Cream & Fudge puttanahalli, KOTHNUR MAIN ROAD, NEAR RBI LAYOUT, NO.14, 114, GROUND FLOOR, SANTRUPTHI NAGAR, JP NAGAR 7TH PHASE, BENGALURU, Bengaluru (Bangalore) Urban, Karnataka, 560078  ","Ice Cream,Desserts,Beverages",License No. 21219194001509
Juannos - Shake the Shake,Arekere,-- MINS,--,"Juannos - Shake the Shake, #52, 1st Floor, 3rd Cross, Omkar Nagar Arkere gateNear Reliance Store, Next to Drunken Monkey",Beverages,License No. 21218008000695
Raksha tiffin centre,Arekere,Closed,--,"Raksha tiffin centre, Shop #013 lake road,behind, royal meenakshi mall muthuraya Swamy layout, Hulimavu lake road  City (hulimavu) Bannerughatta road  Bangalore -560076","South Indian,Chinese",License No. 21219192000976
Kwality Wall's,Arekere,Closed,--,"Kwality Wall's, Secret Spice,No 27/1,BTM 2 nd Phase,6th Stage,Visveshweraiah Road,Nyanappanahalli,Bangalore 560076",Ice Cream,License No. 21219194000819
Let's Bounce,Arekere,Closed,--,"Let's Bounce, #114, KOTHANUR main road, Santhrupthi Nagar, JP Nagar 7 the phase",Fast Food,License No. 11218334001927
ADDA THE RESTAURANT,Arekere,Closed,--,"ADDA THE RESTAURANT, #47/1, 80 feet road, Shanthinikethan layout, Arekere, B.G.Road, Bangalore-560076","North Indian,Chinese",License No. 11219334000248
Taco Bell,Arekere,Closed,4.0,"Taco Bell, MEENAKSHI MALL BANGALORE Unit no T007, Third Floor Royal Meenakshi Mall, Bannerghatta Road, Bangalore 560 076.",Mexican,License No. 11217334001384
Zhuang Restaurant,Arekere,Closed,3.9,"Zhuang Restaurant, #16, Gowrys Building, above dominos pizza, arakere, bannerghatta road, bangalore-560076",Chinese,License No. 11218334002238
BingeJoy!,Arekere,Closed,--,"BingeJoy!, No 348 Basement floor, 5th Cross, Laxmi Layout, Near Arekere MICO Layout, Bannerghatta Main Road, Bangalore 560076. Locality & Area: Arekere Mico Layout, Bannerghatta main road City: Bangalore","Mughlai,Indian,Chinese,Snacks",License No. 11219334000219
Dream a Dozen,Arekere,Closed,--,"Dream a Dozen, 103/25, ground floor, 2nd main road, Putenhalli, Opposite govt school, JP Nagar 7th phase",Desserts,Applied for license
Nadella's Kitchen,Arekere,Closed,--,"Nadella's Kitchen, Vishweshwaraiah Road, Btm 6th stage, Near saibaba Temple,Arekere","Andhra,Chinese,South Indian",License No. 11219334001129
CAFE CONICO,Arekere,Closed,--,"CAFE CONICO, #07,HILL CREST, HOUSE OF HIRANANDHINI AKSHAYANAGER OFF BANNARGHTTA ROAD BANGALORE 560068",Cafe,License No. 21219192000178
Rajwada Resturant,Arekere,Closed,3.8,"Rajwada Resturant, 1st Main Rd, Kodichikknahalli, Devarachiknahalli, Bommanahalli, Bengaluru, Karnataka 560076",Indian,Applied for license
The Punjabi Rasoi,Arekere,Closed,4.0,"The Punjabi Rasoi, Ground Floor, Bannerghatta Main Rd, Next to Star Market, Omkar Nagar, Arekere, Bengaluru, Karnataka 560076, India","North Indian,Punjabi,Thalis,Tandoor ,indian,,Chinese",Applied for license
Bangaliana,Arekere,Closed,3.9,"Bangaliana, 8, First Floor, Arekere Gate, Opposite Rose Garden Apartment, Bannerghatta Road",Bengali,License No. 11217334000281
Maa Da Dhaba,Arekere,Closed,3.9,"Maa Da Dhaba, Bvn building, bg Road Arekere","Chinese,North Indian",License No. 21218192000893
Simar's Kitchen,Arekere,Closed,4.1,"Simar's Kitchen, 14, hulimav, banngerghatta road, near christ university, bangalore - 76","Chinese,North Indian",Applied for license
Beijing Bites,Arekere,Closed,3.9,"Beijing Bites, 31, 1st Floor, RR Images, Panduranga Nagar, Near Arakere, Bannerghatta Road","Chinese,Thai",License No. 11218334001727
Sri sai sweets and food gallery,Arekere,-- MINS,--,"Sri sai sweets and food gallery, SY NO 27,SHOP NO 27/9,GROUND FLOOR,VISHWESHAWARAIAH ROAD,BTM 6TH STAGE,NYAPPANAHALLI,NEAR  sai BABA temple ,BTM LAYOUT BANGLORE 560076",Desserts,License No. 21219194001150
Chaat Paavlian,Arekere,Closed,3.4,"Chaat Paavlian, No. 204, 11th K.M. Stone, Bilekahalli, Bannerghatta Road",Fast Food,License No. 11215334000717
S Square multicusine restaurant.,Arekere,Closed,3.6,"S Square multicusine restaurant., #33 & 34,8th cross,mutharayaswamy layout,Hulimavu,Bannerghatta Road,Bangalore-560076","Arabian,Asian,Chettinad,Chinese,Desserts,Fast Food,North Indian,Seafood,South Indian",License No. 11219334000291
Tandoor Treats,Arekere,Closed,--,"Tandoor Treats, NEAR VINAYAK TEMPLE, KOTHANUR DINNE MAIN ROAD, J.P. NAGAR, 8TH PHASE, BANGALORE, District - B.B.M.P South, STATE - Karnataka,PINCODE-560076","North Indian,Chinese,Indian",License No. 21219194001710
Hot Joint,Arekere,Closed,--,"Hot Joint, GROUND FLOOR NO 69, 4TH CROSS, OMKAR NAGAR, AREKERE BG ROAD, BANGALORE, District BBMP South, Karnataka,Pincode 560076","Beverages,Fast Food,Chinese",License No. 21219192000680
Padosii apke apne,Arekere,Closed,3.3,"Padosii apke apne, #3/1 Ground Floor, Sreenidhi Lakeview, Eeshwar Layout, R.B.I Layout Main Road, J.P nagar 7th phase bangalore-78","North Indian,Chinese,Beverages",License No. 21219192000312
NuTy,Arekere,Closed,--,"NuTy, No.131/14/2, 9 th main Road, G.B palya main Road , Hongasandra, Bangalore - 560068",Indian,License No. 21219192001911
BIB - English Breakfast in The Box,Arekere,-- MINS,4.2,"BIB - English Breakfast in The Box, #52, 1st floor, 3rd Cross, omkar Nagar ,Arkere Gate Bannerghata Rd Bangalore 76",American,License No. 21218009000344
BLUE WATER HOSPITALITY SERVICES,Arekere,Closed,4.0,"BLUE WATER HOSPITALITY SERVICES, Blue waters Lounge Bar & fine Dining #4 Bannergatta Main Road, Next to Star Market, Gottigere, Bangalore.","Chinese,South Indian,North Indian,Desserts,Kerala,Beverages,Seafood,Punjabi,Hyderabadi",License No. 11219334000122
Cream Factory,Arekere,Closed,4.2,"Cream Factory, Sri Dharma, #5,6,7 Yelenahalli Main road, Akshaya Nagar, Bangalore-560068",Desserts,Applied for license
Amooga Restaurant,Arekere,Closed,--,"Amooga Restaurant, NO 990 VIJAYA BANK LAYOUT BILEKAHALLI","North Indian,Chinese",License No. 11219334000080
AAMI KOLKATA,Arekere,Closed,--,"AAMI KOLKATA, no.48 Sai Janani Building, 1 st main , MeenakshiLayout, Kalena Agrahara, Bannerghutta Road,Bangalo, Bangalore South, Bangalore Urban(Karnataka), - 560076",Fast Food,License No. 21219010001263
Lazzet Lee,Arekere,Closed,4.0,"Lazzet Lee, #31, koppa Road,  Yelenahalli, Begur  Bangalore - 560076","North Indian,Mughlai,Biryani,Tandoor ,indian",License No. 21218192001726
Nuty,Arekere,Closed,--,"Nuty, Ice and Spice no  27, 4 th main Road . NS palya , BG Road , Bangalore",Indian,Applied for license
Punjabi Nawabi,Arekere,Closed,3.9,"Punjabi Nawabi, Site-9, 1st Floor, SBI Building (Back Side), Near DLF New Town, Opp. Ample Mart, (Gokul Nest), Bengaluru- 560114","Punjabi,North Indian,Chinese,Biryani,Indian",License No. 11218334001903
Howlin wolf,Arekere,Closed,--,"Howlin wolf, 147,ground floor,munieswara layout,devarachikkanahalli main road,btm 4th stage,bangalore-560076","South Indian,North Indian,Chinese,Kerala,Beverages",License No. 21219192000574
Sweet Chariot,Arekere,Closed,3.9,"Sweet Chariot, NO 2 PRAVEEN COMPLEX MICO ROAD AREKERE GATE BANGALORE","Bakery,Desserts",License No. 11215333001530
ANDHRA ADDA RESTAURANT,Arekere,Closed,--,"ANDHRA ADDA RESTAURANT, NO.47/1, JAGADEESH BUILDING, 80 FT ROAD, SHANTHINIKETHAN LAYOUT, AREKERE, B.G ROAD, BANGALORE., District - B.B.M.P South, STATE - Karnataka - 560076",Indian,License No. 11219334001241
World on a Swirl,Arekere,Closed,4.3,"World on a Swirl, Madheswara Swami Nilaya Building, No. 1/2, First Floor, Akshayanagar, DLF main road, Yelenahalli, Bangalore 560068","Ice Cream,Desserts,Beverages,Bakery,Fast Food",Applied for license
London shakes,Arekere,Closed,--,"London shakes, No.1, 17/18, Kothanur Dinne Main Road, Nrupathunga Nagar, Jp Nagar 7th Phase, Bangalore (Near Corporation Bank)","Beverages,Juices",License No. 21219194001299
GOWDRU MANE HOTEL,Arekere,Closed,--,"GOWDRU MANE HOTEL, No-136, Annapurna, Kothnur Main Road, Gottigere, B G Road, Bangalore, District - B.B.M.P South, STATE - Karnataka","Indian,Fast Food",License No. 11218334001770
Juices and Snacks Junction,Arekere,Closed,--,"Juices and Snacks Junction, SRI KRISHNA GRAND 44 Ramachandra Arcade, Manipal County Rd, Duo City Layout, Singasandra, Bengaluru, Karnataka 560068","North Indian,South Indian",License No. 11219334001874
Natural Ice Cream,Arekere,Closed,4.6,"Natural Ice Cream, #31, Pandurangnagar, 60 Feet Road, Adjacent to Adigas Hotel, Bangalore - 560 076",Ice Cream,License No. 11216334000351
Sri Bhagya Grand,Arekere,-- MINS,4.0,"Sri Bhagya Grand, 1065/A, 5th Cross, 13th Main, Vijayabank Layout, Kodichickanahalli Road, Bengaluru, 560076","South Indian,North Indian,Chinese,Desserts,Jain,Ice Cream,Fast Food,Beverages",License No. 11218334001574
California Burrito,Arekere,Closed,4.3,"California Burrito, 19, Jalaram Estate, Arekere, Bannerghatta Road, Bengaluru, Karnataka 560076",Mexican,Applied for license
HodgePodge Resto Cafe,Arekere,Closed,--,"HodgePodge Resto Cafe, 948E 8th main 5th cross Vijaya Bank Colony Next to cafe coffee day Bilekahalli Bangalore 560076","Snacks,Beverages",License No. 21219194000011
Hyderabad Biryaani House,Arekere,Closed,4.0,"Hyderabad Biryaani House, A-2, 148-1, Arekere Gate, Next To HSBC, Opp. Reliance Mart, Bannerghatta Road, Bangalore","North Indian,Chinese,Hyderabadi,Biryani,Andhra",Applied for license
House Of Candy,Arekere,Closed,--,"House Of Candy, No. 172/1, Vega City Mall, 3rd Floor Food Court, Srinivas Industrial Estate, Bengaluru, Karnataka 560076",Desserts,License No. 21219192000371
Best bowl,Arekere,Closed,--,"Best bowl, NO.69, UTTARAHALLI HOBLI, KOTHANOOR, BANGALORE-560078, District - B.B.M.P South, STATE - Karnataka",Indian,License No. 21219193001326
Choptstick Chopsee Restaurant,Arekere,Closed,--,"Choptstick Chopsee Restaurant, 1654, Begur Main Rd, Vishwapriya Nagar, Begur, Bengaluru, Karnataka 560068","Chinese,North Indian,Desserts,Fast Food,Kerala,Mughlai,Seafood,Hyderabadi",License No. 21219011000186
DUMONT,Arekere,Closed,--,"DUMONT, No53, 2nd Cross, Shanbagh, NAGAPPA LAYOUT, BILEKAHALI, bangalore","Beverages,Ice Cream,Desserts",License No. 11219334001697
Spurthi Foods,Arekere,Closed,4.2,"Spurthi Foods, Address: #23, SVR Avenue, Sagar Layout,  Devarachikkanahalli Main road, Bangalore, 560076.",Andhra,License No. 21218194000623
Spice Theory,Arekere,Closed,--,"Spice Theory, 990, 1st Floor, Bhanu Arcade, Vijaya Bank Layout, BTM 4th Stage, Bengaluru, Karnataka 560076",Indian,License No. 11219334000080
Vijayashree,Arekere,Closed,4.2,"Vijayashree, Krishna Vijayashree Hotel, Behind Hotel Krishna Kuteera, Avani Shringeri Nagar, Nayapanahalli Road, Hulimavu, Bengaluru - 560076","Andhra,Biryani,Chinese,North Indian,South Indian",License No. 11218334000577
Kumarakom,Arekere,Closed,3.9,"Kumarakom, No. 23/1,Bannerghatta Road, Arekere Village, Begur Hobli, Bangalore","South Indian,Kerala",Applied for license
"SM- PADDU, IDLY AND SNACKS SHOP",Arekere,Closed,--,"SM- PADDU, IDLY AND SNACKS SHOP, NO;6, 115/1B, MANIPAL COUNTY ROAD, SINGASANDRA, CHIKKA BEGUR POST, BANGALORE -560068",South Indian,License No. 30191024172057
Veruthe Oru Thattukada,Arekere,-- MINS,3.9,"Veruthe Oru Thattukada, opp DLF new town. Akshya Nagar. Hulimavu Road. Blr.560068","Biryani,Seafood,South Indian",License No. 11219334000261
Biryani Mahal,Arekere,Closed,--,"Biryani Mahal, Arekere, Bengaluru, Karnataka, India","Biryani,Juices,South Indian",License No. 21219194001623
Five Star Chicken Bilekahalli,Arekere,Closed,4.1,"Five Star Chicken Bilekahalli, 116/1- bilekahalli, five star chicken, vijaya bank layout, Btm 4th stage",Fast Food,License No. 21219010002207
Sankranthi Veg Restaurant,Arekere,Closed,--,"Sankranthi Veg Restaurant, #986, Vijaya bank layout, Btm 4th stage, Bangalore 560076","South Indian,North Indian,Desserts,Fast Food",License No. 11218334001955
Aramane Naati Restaurant,Arekere,Closed,--,"Aramane Naati Restaurant, 154/10 adjacent to Fortis Hospital, Bannerghatta Main Road, Bangalore 560076","Mangalorean,South Indian,Biryani",License No. 11219334000626
Garma Garam,Arekere,Closed,3.9,"Garma Garam, Arekere, MICO Layout Main Road, Opp Vijaya Bank, Bannerghatta Road, Bangalore - 560076","Beverages,Biryani,Chinese,Desserts,Ice Cream,Healthy Food,Mughlai,North Indian",License No. 11219334000855
Apsara Ice Creams,Arekere,Closed,4.5,"Apsara Ice Creams, No. 1065 B, 5th Cross, Vijaya Bank Layout, Bannerghatta Road, Bangalore 560076","Ice Cream,Desserts",License No. 21219192000563
Mist n Creams,Arekere,Closed,--,"Mist n Creams, ROYAL MEENAKSHI MALL, 4TH FLOOR, Bannerghatta Road Bangalore - 560076","Ice Cream,Desserts",License No. 11217333001603
Tumkur Tatte Idlis,Arekere,Closed,--,"Tumkur Tatte Idlis, No.9,Ground Floor,1st Main,Vijayashree Layout,Bannerghatta Road,Bangalore-560076",South Indian,License No. 21219010001879
Magic Munch,Arekere,Closed,3.6,"Magic Munch, Shop No 2,jeevan asha,panduranganagar,bilekahalli,b g road,bangalore",Fast Food,Applied for license
Pink Salt Cafe,Arekere,Closed,--,"Pink Salt Cafe, 3, Sarvabhoumanagar Sundar Ram Shetty Nagar Behind HSBC next to IIMB compound Bilekahalli Bangalore 560076","Fast Food,Beverages",License No. 21219194000647
Millet Gate,Arekere,Closed,--,"Millet Gate, No.9,	Ground	Floor,1st	Main,	,	Vijayashree Layout,	Bannerghatta	Road,	Bangalore	-	560076",South Indian,License No. 21219010001879
Ammulus,Arekere,-- MINS,--,"Ammulus, Shop No. 9, 1st Floor, KSV Complex 1/A, 34/4, D. C. Halli Main Road, Bengaluru - 560 076",South Indian,License No. 21219192002095
Writzkitchen,Arekere,Closed,--,"Writzkitchen, 510/1 adi bhyrava layout, venugopal reddy lane, arekere, Bengaluru, Karnataka-560076",Fast Food,License No. 21218195000939
Shri Sai sugar cane Juice,Arekere,-- MINS,--,"Shri Sai sugar cane Juice, 80ft road next to Saibaba temple , Arekere ,Bannerghatta Road Bangalore -560076",Juices,License No. 21219194001273
Pot Biryani,Arekere,Closed,3.7,"Pot Biryani, 7, Hulimavu Begur Main Road, Near DLF, Akshya Nagar, Yelenahalli Village, Bannerghatta Road, Bangalore","North Indian,Chinese,Biryani",License No. 21219192000224
Food Affair,Arekere,Closed,--,"Food Affair, 989, 2nd Floor, Sri Ambika Corner, 11th main, DC road, Vijaya Bank Layout, BTM 4th Stage, Bangalore - 560076","North Indian,Tandoor ,indian,,Chinese,Desserts,Beverages,Juices",License No. 11219334002266
Q GRILL,Arekere,Closed,--,"Q GRILL, NO.03,VASTU NAGAR,CHIKKATHOGUR ROAD,ELECTRONIC CITY,BENGALURU,BANGALORE,KARNATAKA-560100","Grill,Tandoor ,indian",License No. 11219302000373
Paratha Junction,Arekere,-- MINS,3.9,"Paratha Junction, #520, Opposite Vijaya Bank, 1st Main, Arekere, MICO Layout, Bannerghatta Road, Bangalore - 560076",North Indian,License No. 21219194000960
ChickenWalla,Arekere,Closed,--,"ChickenWalla, No 45, 14th main ,JP nagar 7th phase,Opposite of Samsung Smart Cafe,Puttehahalli Palya,Bangalore 560078","North Indian,South Indian,Desserts,Beverages",Applied for license
Box Magic,Arekere,Closed,--,"Box Magic, 67, Doresani Palya Main Road, Bilekahalli Dakahale, Bannerghatta Road, Bangalore","Chinese,South Indian,North Indian,Continental,American,Desserts,Fast Food,Italian,Kerala,Andhra,Beverages,Seafood,Punjabi,Hyderabadi",License No. 21218192001698
Chef Bakers,Arekere,Closed,3.9,"Chef Bakers, GROUND FLOOR, NO. 267, SHOP NO. 2 10TH MAIN, SHANTHINIKETAN LAYOUT,  80 FEET ROAD,, SAIBABA TEMPLE ROAD ARAKERE, B.G ROAD,, Bengaluru (Bangalore) Urban, Karnataka, 560076",Cafe,License No. 11219334001526
Frozen Bottle,Arekere,Closed,4.2,"Frozen Bottle, NO - TFK 37, 3rd Floor, Royal Meenakshi Mall, Bengaluru -  560076","Beverages,Ice Cream,Desserts",Applied for license
Adiga's Sweets & Snacks,Arekere,-- MINS,--,"Adiga's Sweets & Snacks, vasudev adiga's near Arekere, Bengaluru, Karnataka, India","Snacks,Sweets",License No. 11215334000720
Mr. Cane & Indian Desi Momo,Arekere,Closed,3.6,"Mr. Cane & Indian Desi Momo, kaveri nagar 12th main kodichikkanahalli main road bommanahalli Bangalore:- 560068","Indian,Chinese",License No. 21219192002212
Shanghai Court,Arekere,Closed,4.3,"Shanghai Court, No 1035 5th Cross 13th Main Vijaya Bank Layout Kodichikkanahalli Road Opp To Vijaya Enclave Apartment Bangalore 560070","Chinese,Thai",License No. 11217334000469
HomeSe Just Veg,Arekere,Closed,3.8,"HomeSe Just Veg, No. 204, 11th K.M. Stone, Bilekahalli, Bannerghatta Road","South Indian,North Indian,Fast Food",License No. 11215334000720
Desi Corner,Arekere,Closed,--,"Desi Corner, 52, 3rd Cross Road, Arakere Gate, Omkar Nagar, Arekere, Bengaluru, Karnataka, India",Indian,License No. 21219192001710
Ruchi Curries and Pickles,Arekere,Closed,3.2,"Ruchi Curries and Pickles, Visweswarayya Road Nynapanahalli BTM 6th Stage Bannerghatta Road","North Indian,South Indian,Chinese,Fast Food",License No. 21218192001750
Waffle in the box,Arekere,Closed,--,"Waffle in the box, NO: 52, 1ST FLOOR, 3RD CROSS, OMKAR NAGAR, ARKERE GATE, NEAR RELIANCE STORE, NEXT TO DRUNKEN MONKEY, District - Bangalore Urban, STATE - Karnataka",Indian,License No. 21218009000344
,Arekere,Closed,--,", BDA 80 Feet Road,Opposite Bharat Petrolpump, BTM 6th Stage ,Bangalore-560076",North Indian,License No. 21218192001650
SRI SAI 99 VARIETY DOSA,Arekere,Closed,4.1,"SRI SAI 99 VARIETY DOSA, 81/4 cave temple road opp to royal menkashi mall be road hullmavu bangalore 560076",Healthy Food,License No. 21218194001019
Halli Hatti Donne Biryani,Arekere,Closed,--,"Halli Hatti Donne Biryani, SITE NO.02, 1ST FLOOR, SY NO.33/2, BOMMANAHALLI, DEVARACHIKKANAHALLI ROAD, BANGALORE., District - B.B.M.P South, STATE - Karnataka,Pincode-560068",Beverages,License No. 21219193001192
Deejas Kitchen,Arekere,Closed,--,"Deejas Kitchen, TF 309, Sai Nandana Presidency,5th main, 11th cross, behind Kaveramman Temple, Vijaya Bank Layout, Bilekahalli, Bangalore 76","Kerala,South Indian",License No. 21218194000726
Magic oven,Arekere,Closed,--,"Magic oven, 121/1abhinandana complex  hosur road  singasandra bangalore-68","Indian,Beverages",License No. 11216334000298
Indiana Burgers,Arekere,Closed,4.0,"Indiana Burgers, 6D, 3rd Floor, Aishwarya Arcade, Hanuman Nagar, BTM Layout, Sir M Vishveshwaraya Road, Opp Nano Hospital, Arekere, Bangalore","Beverages,Fast Food",Applied for license
Chaat Central,Arekere,Closed,--,"Chaat Central, No 424/376/487 , Royal Meenakshi Mall Food Court No-3 ,Arakere Bannerghatta Road, Hulimavu,BBMP,Bangalore 560 076",North Indian,License No. 11218334002338
DOOF,Arekere,Closed,4.0,"DOOF, #20, 4th cross, Sri Raghvendra Swamy Orchards layout , Basapura Main road , Bangalore 560100",Continental,License No. 21219010000354
ABHIRUCHI HOTELS,Arekere,Closed,3.9,"ABHIRUCHI HOTELS, 81/3, OPP. ROYAL MEENAKSHI MALL, CAVE TEMPLE ROAD, HULIMAVU, BENGALURU - 560076","North Indian,South Indian,Chinese,Fast Food",License No. 11218334001217
RoadRunner,Arekere,-- MINS,3.9,"RoadRunner, #1434/86/2, Krishna Reddy Layout,  behind Krishna reddy house, government hospital road,  arakere, Bannerghatta Road, Bangalore 560076 ","Continental,Pizzas,Italian,Indian",License No. 21219194001133
Dadi's Dum Biryani,Arekere,Closed,4.3,"Dadi's Dum Biryani, No.7, Krish towers, 2nd Floor, Opp. Rose garden aprt, Arekere gate, Bannergatta main road-560079","Biryani,North Indian,Mughlai",License No. 11219334000161
GoodLuck Resto Cafe,Arekere,Closed,3.4,"GoodLuck Resto Cafe, No.7,RR commercial complex,DLF new town road,Akshaynagar,Bangalore-560076","Continental,Desserts,Fast Food,Italian,Mexican,Beverages,Pan-Asian",License No. 21219194001795
Iyengars's Cakes n Cookies,Arekere,-- MINS,3.5,"Iyengars's Cakes n Cookies, Shop 3 NGR Complex Arekere Main Road B.G.Road Bangalore 560076",Desserts,License No. 21218192001283
THE WOOD ROSE CLUB(A U OF BRIGADE HOSP),Arekere,Closed,--,"THE WOOD ROSE CLUB(A U OF BRIGADE HOSP), WOODROSE CLUB, BRIGADE MILLENNIUM 17TH MAIN ROAD, J.P NAGAR 7TH PHASE, BANGALORE., District - B.B.M.P South, STATE - Karnataka","Indian,Chinese,Italian",License No. 11215334000302
Bhides Snacks,Arekere,Closed,--,"Bhides Snacks, 24,doddakammanahalli main rd, kalena agrahara, doddakamanahalli main rd, bengaluru,karnataka 560076",South Indian,License No. 21219192000593
Wangs Kitchen,Arekere,Closed,3.1,"Wangs Kitchen, (CA1) Brigade Millenium Rd, Nataraja Layout,Silver Oak Layout, JP Nagar 7th Phase, Arekere,Bengaluru-560078",Chinese,License No. 11200000000000
 Lo! - Low Carb and Keto Foods,Arekere,Closed,3.6," Lo! - Low Carb and Keto Foods, Adda the restaurant, 35/4, adjacent to Golden Park Apartment, Devarachikkanahalli Main Road, Hongasandra, SR Naidu Layout, Hongasandra, Bengaluru, Karnataka 560076","Keto,Healthy Food,Indian",License No. 11219334000249
Krishna Vijayashree,Arekere,Closed,4.4,"Krishna Vijayashree, #70/71, Seetharam complex, opposite IIMB,Bilekahalli, Bannerghatta Rd,Bangalore, 76","Mughlai,North Indian,Coastal,Chinese,Tandoor ,indian",License No. 21219010000838
Mane oota,Arekere,Closed,4.0,"Mane oota, No 82 4th main 4th Cross Arekere Mico Layout NearBus stop Bannerghatta Road Bangalore , BTM Layout,B.B.M.P South (Karnataka), - 560076",South Indian,License No. 21219194000512
Tasty Point,Arekere,Closed,4.3,"Tasty Point, 5, Vishweshwaraiah road, near Sai Baba temple, Arekere. Bangalore 76","Snacks,Fast Food",License No. 21218010001626
SHIVU CANE JUICE,Arekere,Closed,--,"SHIVU CANE JUICE, no shop no 2,9th main road,sangam circle,hongasandra road,grave bhavi palya",Beverages,Applied for license
Gundappa Donne Biryani,Arekere,Closed,3.4,"Gundappa Donne Biryani, No. 23/1,Bannerghatta Road, Arekere Village, Begur Hobli, Bangalore",Biryani,Applied for license
Malabar eats,Arekere,Closed,--,"Malabar eats, SITE NO.15, ARAKERE, B.G. ROAD, BANGALORE, District - B.B.M.P South, STATE - Karnataka - 560076","Beverages,Indian",License No. 11219334001422
Wandercrust,Arekere,Closed,3.0,"Wandercrust, Freshmenu #23/24, Ground floor,  2nd Cross, Arkere main road, Bannerghatta road, Bangalore 560076.","Pizzas,Italian",License No. 11217334000966
Yumme Veg,Arekere,Closed,4.0,"Yumme Veg, Shop no 3 &4, #108, 4th Main, 3rd Cross, Arekere Mico Layout, Bangalore 76","Beverages,Desserts,American,Fast Food",License No. 21219192002123
Burger It Up,Arekere,Closed,4.3,"Burger It Up, 6D, 3rd Floor, Aishwarya Arcade, Hanuman Nagar, BTM Layout, Sir M Vishveshwaraya Road, Opp Nano Hospital, Arekere, Bangalore, 560076.","Continental,American,Fast Food,Beverages,Desserts",License No. 11219334001621
Goli Vada Pav No. 1,Arekere,Closed,--,"Goli Vada Pav No. 1, SHOP #1,#30,SANTHRUPTHI NAGAR, 2 ND MAIN ,KOTHNUR MAIN ROAD,JPNAGAR 7 TH PHASE, BANGALORE-560078","Maharashtrian,North Indian,Fast Food,Street Food",License No. 21218010001335
The Good Bowl,Arekere,Closed,4.0,"The Good Bowl, No 161,161 A,166, First floor,Vinayaka Nagar,A,KARNATAKA","North Indian,Biryani,Asian,Pastas,Desserts",License No. 11218334000189
The Hunger Room,Arekere,Closed,--,"The Hunger Room, 45/46, Ajantha Avenue, 1st Floor, Puttenahalli Main Road, JP Nagar 7th Phase, Bengaluru 560078 (Landmark - Brigade Millennium Signal, Above Pizza Hut)","Chinese,Continental,American,Desserts,Fast Food,Italian,Mexican,Beverages,Seafood,Thai",License No. 21218193000817
LunchBox,Arekere,-- MINS,4.0,"LunchBox, No. 161, 161 A, 166, First Floor, Vinayaka Nagar, Arekere Main Road, Bannerghatta Road, Bangalore   560076.","North Indian,Desserts,Biryani",License No. 11218334000189
Chinese Kitchen,Arekere,Closed,--,"Chinese Kitchen, Inside Chatori Gali Food street #669,opp.Elita Apartment, RBl Layout,JP Nagar,7th Phase Bangalore-560078",Chinese,License No. 11218334001125
Taste and Tasty Foods,Arekere,Closed,--,"Taste and Tasty Foods, 81/1, 80 feet road, near Sai baba temple, arakere, Bangalore 560076","Chinese,South Indian,North Indian",License No. 11217334000444
Parisar Veg Restaurant,Arekere,Closed,3.9,"Parisar Veg Restaurant, Yellanahalli Main Road, Opp Ganesh Temple, Akshya Nagar, Bangalore-560114","Chinese,South Indian,North Indian,Fast Food,Punjabi,Hyderabadi",License No. 11218334001784
Shiv Sai hotel,Arekere,Closed,3.9,"Shiv Sai hotel, 15/1BB Complex,Near Hulimavu Police Station,Hulimavu,Bannerghatta Road,Bangalore-560076","North Indian,Desserts,Fast Food",License No. 21219192001923
NIC Natural Ice Creams,Arekere,Closed,4.4,"NIC Natural Ice Creams, 33 4th Cross, 5th Main road Navodya Nagar JP Nagar 7th Phase Bangalore Karnataka 560076","Ice Cream,Desserts",Applied for license
SHIVU CANE JUICE,Arekere,Closed,4.2,"SHIVU CANE JUICE, Elica Showroom Bangalore No. 81/4A, Hulimavu Police Station Road, Opp. Royal Meenakshi Mall, Near BGS School, Bannerghatta, Pai Layout, Hulimavu, Bengaluru, Karnataka 560076 ",Beverages,Applied for license
Meat and Eat,Arekere,Closed,4.0,"Meat and Eat, Shop No.6, KSV Complex, No.1/A, 34/4, D.C. Halli Main RoadD,Opp.PK Home needs, Devarachikkanahalli Main Rd, Maruthi Layout, Seenappa Layout, Bommanahalli, Bengaluru, Karnataka 560076",Fast Food,License No. 21219192000685
Suryawanshi,Arekere,-- MINS,3.8,"Suryawanshi, 1st Floor, 16, Gowrys, Omkar nagar, Arekere, Bannerghatta Road, Bangalore 560075",Seafood,License No. 21218194001317
Kanti Sweets,Arekere,Closed,4.3,"Kanti Sweets, Kanti Sweets No. 4, Arakere Village, Begur Hobli,Bannerghatta Road, opp. Reliance mart, Bengaluru-560078",Desserts,License No. 11218334000621
Waffle Walle,Arekere,Closed,4.0,"Waffle Walle, Royal Meenakshi Mall, Bannerghatta Road, Bangalore",Desserts,Applied for license
Thalassery Restaurant,Arekere,-- MINS,4.0,"Thalassery Restaurant, Bassavalingappa nagar, billekalli village, bommanhalli","South Indian,Biryani,Kerala,North Indian,Chinese",License No. 11218334002010
ICEE,Arekere,-- MINS,--,"ICEE, icee, next to ample mart, DLF New Town, Akshayanagar, Bennerghatta Main Road  Bengaluru, 560068","Fast Food,Juices",License No. 21219194001491
Gowdru Mane hotel,Arekere,Closed,--,"Gowdru Mane hotel, No-136, Annapurna, Kothnur Main Road, Gottigere, B G Road, Bangalore, District - B.B.M.P South, STATE - Karnataka","Indian,Fast Food",License No. 11218334001770
Rao's Goli Plus Vada Pav,Arekere,Closed,4.3,"Rao's Goli Plus Vada Pav, 9//10, Akshaya Nagar Main Road, Akshaya Nagar West, Bangalore - 560068","American,Fast Food",License No. 21219192001476
Dreamcatcher,Arekere,-- MINS,--,"Dreamcatcher, 128/54/10, Ground Floor, Opposite IIM - B, Dasarapalya, Bannerghatta Road, Bangalore","Continental,American,Desserts,Beverages",License No. 11218334002286
Malhar,Arekere,Closed,3.8,"Malhar, Gowry's no 16, Survey no 13,Bannerghatta Main Rd, Near Arekere Gate, Bangalore - 76",Maharashtrian,License No. 11218334001831
Pop Hop,Arekere,Closed,--,"Pop Hop, Spectrum Mall bannergatta- central,Sy no .192&193 bilekahalli village begur hobli, spectrum mall bannergatta bangalore - 560076","Desserts,Ice Cream",License No. 21218193001224
NAVEENA KABAB AND BIRIYANI MANE,Arekere,Closed,--,"NAVEENA KABAB AND BIRIYANI MANE, NO 57/1, 100 FT ROAD, NEAR PESIT COLLEGE, DWARAKANAGAR, HOSAKEREHALLI, BSK 3RD STAGE, BANGALORE, R R NAGARA, B.B.M.P WEST (KARNATAKA) - 560085","Biryani,Fast Food",License No. 21218186001011
McDonald's,Arekere,Closed,4.1,"McDonald's, Hardcastle Restaurants Pvt Ltd, McDonald's Family Restaurants,No 8,Kukke Plaza, 80 Feet Road, Nyanappana Halli,Akshaya nagar, Begur Hobli, DLF New Town Main road, Next to SLV Wines, Bangalore ? 560068",Fast Food,License No. 11218334002013
Hyderabadi Biriyani House,Arekere,Closed,3.4,"Hyderabadi Biriyani House, No. 633/B555, Panduranga Nagar, Opp HSBC, Near Arekere Gate, Bannerghatta Road, Bangalore 76","Seafood,Andhra,Biryani,Desserts,South Indian,Fast Food,Beverages",License No. 11219334001174
Green Chillies,Arekere,Closed,--,"Green Chillies, JP Nagar","Indian,Chinese,Snacks",License No. 11217334000835
Lassi Hut,Arekere,Closed,--,"Lassi Hut, 37/6, J CROSS , 3RD MAIN ROAD , BISSMILAHNAGAR, BANNERGHTHA ROAD, BANGALORE - 560029","Beverages,Ice Cream,Juices,Fast Food",License No. 21219194000711
PAHALA SWEETS,Arekere,Closed,--,"PAHALA SWEETS, PLOT NO-08 7TH CROSS, 5TH MAIN, GAFFAR LAYOUT, L.B. SASTER NAGAR, BANGALORE NORTH URBAN KARNATAKA",Sweets,License No. 21218008001843
Muddhe Bytes,Arekere,Closed,--,"Muddhe Bytes, 6, 80ft road, Nyanappanahalli, Begur Post, Bangalore- 560068",South Indian,License No. 21218192000662
Interval,Arekere,Closed,--,"Interval, 9/1A SHOP NO 2 GROUND FLOOR AREKERE MAIN ROAD-560076","Juices,Beverages,Desserts",License No. 21219010000387
Firangi Bake,Arekere,Closed,3.9,"Firangi Bake, No 161 A ,166, First floor,Vinayaka Nagar,A,KARNATAKA","Italian,Mexican,Pastas",License No. 11218334000189
UNIQ EATS,Arekere,Closed,--,"UNIQ EATS, 436/3 doddamma lyout Hulimavu next to Christ university 560076,Bommanahalli, B.B.M.P South (Karnataka), - 560076","Fast Food,Beverages",License No. 21219192000907
KC Das,Arekere,Closed,--,"KC Das, 54/48 shivani building j.p nagar 7th phase next to ibp petrol pump Bangalore 560078",Desserts,License No. 21218194000342
ONKAAR,Arekere,Closed,--,"ONKAAR, # 436/3 ,Doddamma Layout , Next toChrist University , Near Royal Meenakshi Mall , , Bannerghatta Road , Bangalore -560076",Indian,Applied for license
Fritz Haber Ice Creams,Arekere,Closed,--,"Fritz Haber Ice Creams, ""34/A 6th Main Raynaaux Mansion Puttenahalli Main Road JP Nagar 7th Phase, Bangalore South, Bangalore Urban (Karnataka), - 560078""","Ice Cream,Desserts",License No. 21219010000383
Pizza Hut,Arekere,Closed,3.9,"Pizza Hut, No: 8, Liss arcade, Arrekare Gate, Bannergatta Road","Fast Food,Pizzas",License No. 10012011000726
Treat Restaurant,Arekere,Closed,--,"Treat Restaurant, Arekere near paramount aprt Sai baba temple road",Indian,License No. 11218334001685
Sasya Foods,Arekere,Closed,3.1,"Sasya Foods, #3/1 Ground Floor, Sreenidhi Lakeview, Eeshwar Layout, R.B.I Layout Main Road, J.P nagar 7th phase bangalore-78","Chinese,North Indian,Beverages",Applied for license
FreshMenu,Arekere,-- MINS,3.9,"FreshMenu, Freshmenu #23/24, Ground floor,  2nd Cross, Arkere main road, Bannerghatta road, Bangalore 560076.","Chinese,Continental,Italian,Mediterranean,Thai,Lebanese,American,Asian,Beverages,Bakery,Biryani,Cafe,Desserts,Healthy Food,Mexican,North Indian,Salads,Pizzas",License No. 11217334000242
Grill Yaari,Arekere,Closed,--,"Grill Yaari, No.3 Banerghata Main Road Arekere , Bangalore -560076","Grill,Kebabs,Salads",License No. 11219334001482
Meat And Eat,Arekere,Closed,3.7,"Meat And Eat, SRK Paradise Layout, Wellington Paradise, Begur, Bengaluru, Karnataka, India","Biryani,American,Italian",License No. 21219192001542
NORTH MASALA,Arekere,Closed,--,"NORTH MASALA, HONGASANDRA MAIN ROAD NEAR OXFORD BOYS HOSTEL,BOMMANAHALLI,B.B.M.P SOUTH, Karnataka","Indian,North Indian",License No. 21219192000362
Snacks Way,Arekere,Closed,3.7,"Snacks Way, Snacks Way , Shop No 6 , Rukmaiah Layout, Akshaya Nagar , Begur - Hullimavu Road, Hulimavu,Bengaluru, Karnataka 560076",Beverages,License No. 21219010002367
The Shawarma Rolls & Paratha Kingdom,Arekere,-- MINS,2.5,"The Shawarma Rolls & Paratha Kingdom, nyathappa layout, arekere, Bannerghatta Road  City- Bangalore   ","Fast Food,Mughlai",License No. 21219011000239
Wow! Momo,Arekere,Closed,3.6,"Wow! Momo, Inside Mall Food Court, TFK 38, 3rd Floor, Cave Temple Road, Hulmaue, Bannerghatta Main Rd, Bengaluru, Karnataka 560076","Tibetan,Fast Food,Chinese,Snacks,Continental,Desserts",License No. 11219334001312
Am biryani hotel,Arekere,Closed,3.1,"Am biryani hotel, 958/60/2A2, OPP BGS SCHOOL HULIMAVU BANNERGHATTA ROAD BANGALORE 560076",Fast Food,License No. 21219192000202
The Biryani Life,Arekere,-- MINS,3.3,"The Biryani Life, KSV complex 1st floor devarachikanahalli main road Bangalore 560068","Biryani,Mughlai,Indian",License No. 11219334000434
Susie's Burgers,Arekere,Closed,4.0,"Susie's Burgers, 52, 1st floor, 3rd Cross, Omkar Nagar, Arekere Gate Bannerghata Rd Bangalore 76","Fast Food,Snacks",License No. 21218009000344
SLAY Coffee,Arekere,-- MINS,3.9,"SLAY Coffee, 69/1, GOWREESHA COMPLEX, BANNERGHATTA ROAD CROSS, DODDAKAMMANAHALLI, OPP ANANDA VALMARK APARTMENT, BANGALORE 560076","Beverages,Cafe,Desserts",License No. 11218333000268
Udupi Palace,Arekere,Closed,3.5,"Udupi Palace, Sy No. 23/1, No. E-1, 1/1, Bannerghatta Main Road, Arekere Village, Begur Hobli, Bangalore - 560076","South Indian,North Indian,Chinese",Applied for license
Dine One One,Arekere,Closed,--,"Dine One One, No-32, RR Commercial Complex, Begur Hulimavu Road, Bannerghatta Road, Bangalore-560068","Chinese,North Indian,Continental,American,Desserts",License No. 21218192000854
Omleterian,Arekere,-- MINS,4.3,"Omleterian, #52, 1st Floor, 3rd Cross, Omkar Nagar Arkere gate,Near Reliance Store, Next to Drunken Monkey","Continental,American,Fast Food",License No. 21218009000344
Just Shawarma,Arekere,Closed,4.0,"Just Shawarma, Survey no 81/4a, Cave Temple Road, Opp Meenakshi mall, Hulimavu, Begur hobli, Bannerghatta main road, Bangalore 560076",Arabian,License No. 11218334002184
Bowltree,Arekere,Closed,--,"Bowltree, 2nd Cross Road, AECS Layout - A Block, Singasandra, Bengaluru, Karnataka 560068, India","Arabian,Indian,Mexican",License No. 11219334000907
Ambara Gardenia,Arekere,Closed,4.0,"Ambara Gardenia, #1065/A, 6th Cross, 13th Main, Above Sri Bhagya Grand, 2nd Floor, Vijaya Bank Colony, Bangalore","Chinese,North Indian,Andhra,Tandoor",License No. 11218334001574
New Kabab,Arekere,Closed,--,"New Kabab, BusinessSITE NO 1057, BILEKAHALLI VILLAGE,BEGUR HOBLI,, BANGALORE SOUTH TALUK, Bengaluru (Bangalore) Urban","Indian,Chinese",License No. 11218334001261
Ovenstory Pizza,Arekere,Closed,3.8,"Ovenstory Pizza, No 161,161 A,166, First floor, ,Vinayaka Nagar,Bangalore,KARNATAKA","Pizzas,Italian",License No. 11218334000189
Chicken County Restaurant ,Arekere,Closed,3.9,"Chicken County Restaurant , #16 and #17,RR Commercial Complex, Begur-Hulimavu Road, Opp. Village Hypermarket & Andhara Bank, Akshya Nagar,Bengaliru - 560076","South Indian,North Indian",License No. 11218334001759
KULFI MONK,Arekere,Closed,--,"KULFI MONK, Samruddi Kuteera Food court, Chikka Begur, Manipal County Road, Bangalore-560068",Ice Cream,License No. 21219010000810
Gajanan Mithai Ghar,Arekere,-- MINS,--,"Gajanan Mithai Ghar, #127, 4th Main, Opp L&T South City, Arekere,, Mico Layout, B.G Road., Bengaluru, Karnataka 560078","Bakery,Snacks,Sweets",License No. 21219193001256
World In A Bowl,Arekere,Closed,3.4,"World In A Bowl, No 45, 14th main ,JP nagar 7th phase,Opposite of Samsung Smart Cafe,Puttehahalli Palya,Bangalore-560078","American,Italian,Salads,North Indian,South Indian,Continental,Biryani,Beverages,Desserts",Applied for license
Shake It Off,Arekere,Closed,--,"Shake It Off, Lassi Empire,  Shop No 6, Rukmaiah Layout, Begur- Hullimavu Road, Akshaya Nagar, Begur, Bangalore 560076","Beverages,Snacks",License No. 21219010002726
Cravings,Arekere,-- MINS,3.8,"Cravings, Doddakammanahalli Main Rd, Central Excise Layout, Phase 2, Tejaswini Nagar, Bengaluru, Karnataka 560076, India","North Indian,Chinese,Chaat",License No. 21219192000134
Khana Khazana Thali Restaurant,Arekere,Closed,--,"Khana Khazana Thali Restaurant, NO.202,LAKSHMI LAYOUT,6TH CROSS,BEHIND AREKERE MICO LAYOUT,BG ROAD,BANGALORE,BOMMANAHALLI,B.B.M.P SOUTH (KARNATAKA),-560076",Indian,License No. 21218192001349
Chopstick Chopsee,Arekere,Closed,--,"Chopstick Chopsee, 1654, Begur Main Rd, Vishwapriya Nagar, Begur, Bengaluru, Karnataka 560068","Arabian,North Indian",License No. 21219011000186
Hind Ka Chulha,Arekere,Closed,3.9,"Hind Ka Chulha, Aharam Food Court Royal Meenakshi Mall Hulimavu Bannerghata Main Road","Mughlai,North Indian,Tandoor ,indian",License No. 21219192000247
Sri Krishna Grand,Arekere,Closed,--,"Sri Krishna Grand, SRI KRISHNA GRAND 44 Ramachandra Arcade, Manipal County Rd, Duo City Layout, Singasandra, Bengaluru, Karnataka 560068","North Indian,South Indian",License No. 11219334001874
Kanteen The Eatery,Arekere,Closed,3.7,"Kanteen The Eatery, Site # 22,Nyanapanahalli main road ,Before DLF New Town ,Bangalore 560068.Landmark: Opp Dominos","North Indian,Desserts,Fast Food,Punjabi",License No. 21218192001147
Sri Matha Sagar,Arekere,Closed,--,"Sri Matha Sagar, No:86, New Central Jail raod, Vinayaka Nagar, Electronic City Post, Hosa Road, bangalore, Bommanahalli, B.B.M.P South (karnataka)-560100",Indian,License No. 11217334000239
Brahmin Homely Food,Arekere,-- MINS,--,"Brahmin Homely Food, 6th Cross Rd, Krishna Layout, Hulimavu, Bengaluru, Karnataka 560076",South Indian,License No. 21219010001270
More Pizza,Arekere,Closed,--,"More Pizza, 5, 3rd floor, Meenakshi mall Hulimavu - 560076","Continental,Italian",License No. 11218334001905
Crown Restaurant,Arekere,Closed,3.9,"Crown Restaurant, Arekere Main Road, Bannerghatta Road, Bangalore","Indian,Chinese",License No. 21219192000856
Red Chilli Restaurant,Arekere,Closed,--,"Red Chilli Restaurant, 10, 2nd main road, SR compound, South City, Bg road","Chinese,South Indian,North Indian,Fast Food",License No. 21218007000087
Kwality Walls,Arekere,Closed,--,"Kwality Walls, PRUTHVI DISTRIBUTORS #103/1/1, GOTTIGERE, BANERGHATTA MAIN ROAD 560083 Bangalore",Ice Cream,License No. 11218334000080
Delhi Eatz,Arekere,Closed,--,"Delhi Eatz, 135, First Cross, Pai Layout, Hulimavu, Bannerghatta Main Road, Bangalore, Karnataka - 560076 Locality & Area: Hulimavu Gate City:  Bangalore","Chinese,Indian",License No. 21219194001750
Lassi Shop,Arekere,Closed,2.8,"Lassi Shop, near Lenskart.com, SY No- 154/10 Opp. IIMB Next To Fortis hospital Bannerghatta Road, Sahyadri Layout, Panduranga Nagar, Bengaluru, Karnataka 560076","Desserts,Fast Food,Beverages",License No. 21219194001461
Chai Point,Arekere,-- MINS,4.2,"Chai Point, Royal Meenakshi Mall, Bannerghatta Main Road, Bannerghatta Road, Bangalore","Healthy Food,Bakery,Cafe,Combo,Beverages,Maharashtrian,Snacks,Street Food,South Indian,Punjabi,Fast Food",License No. 21218194000119
New Kabab Zone,Arekere,Closed,4.0,"New Kabab Zone, #36, DLF New Town,Akshay nagar ,Bangalore 68","North Indian,Chinese,Biryani",License No. 11218334001152
Subway,Arekere,Closed,4.3,"Subway, #154/11, Radhakrishna Tower, Bannerghatta Main Road, Opposite to IIMB Main Gate Bilekahalli Village, Bangalore.","American,Fast Food",License No. 11218334002295
Juice Land,Arekere,Closed,--,"Juice Land, opp meenakshi mall ,near dominos pizza","Desserts,Juices",License No. 21218192000513
Velvet Kitchen,Arekere,Closed,--,"Velvet Kitchen, No 45/1G,shop no 4&5,vajrappa building, arekere, Shanthinikitan main road, B G road, Bangalore -560078","Chinese,North Indian,Fast Food,Kerala,Mughlai,Seafood,Punjabi,Hyderabadi",License No. 11218334000119
Manjushree Veg,Arekere,-- MINS,4.3,"Manjushree Veg, Opp To Ganesh Temple, 86, 1st Cross Road, Arekere MICO Layout 2nd stage, Arakere, Bengaluru, Karnataka 560076","Chinese,South Indian",License No. 11219334001047
Domino's Pizza,Arekere,Closed,4.2,"Domino's Pizza, 471, Datta Complex,Puttenahalli Main Road, R.B.I Layout,J.P. Nagar 7Th Phase,Near Brigade Millenium Apartment,Bangalore- 560078",Pizzas,License No. 11216334000730
Brundhavana,Arekere,-- MINS,3.7,"Brundhavana, NO.83, JP TOWERS, KOTHNUR MAIN ROAD, NEAR BK CIRCLE, BANGALORE. , District  B B M P South, STATE  Karnataka","Indian,South Indian,Beverages",License No. 11219334001004
MOMO Time,Arekere,Closed,--,"MOMO Time, ""#52, 1st Floor, 3rd Cross, Omkar Nagar Arkere gateNext to BIB",Chinese,License No. 21218009000344
Gelato Italiano,Arekere,Closed,--,"Gelato Italiano, 3rd floor, food court, E-1/16 opposite meenakshi temple 1st cross Syndicate Bank colony Bannerghatta Road, Bangalore  560076.",Desserts,Applied for license
The French Loaf,Arekere,Closed,--,"The French Loaf, (CA1) Brigade Millenium Rd, Nataraja Layout,Silver Oak Layout, JP Nagar 7th Phase, Arekere,Bengaluru-560078","Bakery,Fast Food,Beverages",License No. 11217334000324
